{"lr":0.0001,"c_attn_max/transformer/h/4/attn/c_attn":4.21615743637085,"c_attn_min/transformer/h/3/attn/c_attn":0.19491489231586456,"c_attn_max/transformer/h/5/attn/c_attn":4.004550933837891,"c_attn_min/transformer/h/1/attn/c_attn":0.17997857928276062,"c_attn_cond/transformer/h/2/attn/c_attn":20.888444900512695,"_wandb":{"runtime":734},"c_attn_min/transformer/h/2/attn/c_attn":0.17726609110832214,"c_attn_max/transformer/h/0/attn/c_attn":3.474109411239624,"c_attn_cond/transformer/h/4/attn/c_attn":21.13105010986328,"_timestamp":1.7727212910816314e+09,"mfu":0.21608213837922097,"val/loss":1.5281333923339844,"c_attn_min/transformer/h/0/attn/c_attn":0.1875307708978653,"c_attn_cond/transformer/h/0/attn/c_attn":18.525543212890625,"_runtime":734.815202823,"_step":5000,"c_attn_max/transformer/h/2/attn/c_attn":3.702812910079956,"c_attn_max/transformer/h/1/attn/c_attn":2.6801023483276367,"c_attn_cond/transformer/h/5/attn/c_attn":17.805374145507812,"c_attn_max/transformer/h/3/attn/c_attn":4.3326416015625,"c_attn_min/transformer/h/4/attn/c_attn":0.19952426850795746,"c_attn_min/transformer/h/5/attn/c_attn":0.22490687668323517,"iter":5000,"c_attn_cond/transformer/h/3/attn/c_attn":22.228376388549805,"train/loss":1.3123947381973267,"c_attn_cond/transformer/h/1/attn/c_attn":14.891229629516602}