{"c_attn_hist/transformer/h/2/attn/c_attn":{"values":[14,22,21,17,14,6,5,4,1,2,2,0,1,2,1,1,1,0,0,1,2,0,0,2,0,1,2,1,0,1,1,1,0,1,0,0,1,0,1,0,1,0,0,0,0,0,0,0,0,0,0,0,0,1,0,0,0,0,0,0,0,0,0,1],"bins":[0.15768083930015564,0.2170451581478119,0.27640947699546814,0.335773766040802,0.39513808488845825,0.4545024037361145,0.5138667225837708,0.573231041431427,0.6325953602790833,0.6919596195220947,0.751323938369751,0.8106882572174072,0.8700525760650635,0.9294168949127197,0.988781213760376,1.0481455326080322,1.1075098514556885,1.1668741703033447,1.226238489151001,1.2856028079986572,1.3449671268463135,1.4043314456939697,1.463695764541626,1.5230600833892822,1.5824244022369385,1.6417887210845947,1.701153039932251,1.7605173587799072,1.8198816776275635,1.8792459964752197,1.938610315322876,1.9979746341705322,2.0573389530181885,2.1167032718658447,2.176067352294922,2.235431671142578,2.2947959899902344,2.3541603088378906,2.413524627685547,2.472888946533203,2.5322532653808594,2.5916175842285156,2.650981903076172,2.710346221923828,2.7697105407714844,2.8290748596191406,2.888439178466797,2.947803497314453,3.0071678161621094,3.0665321350097656,3.125896453857422,3.185260772705078,3.2446250915527344,3.3039894104003906,3.363353729248047,3.422718048095703,3.4820823669433594,3.5414466857910156,3.600811004638672,3.660175323486328,3.7195396423339844,3.7789039611816406,3.838268280029297,3.897632598876953,3.9569969177246094],"_type":"histogram"},"c_attn_max/transformer/h/1/attn/c_attn":3.3655333518981934,"c_attn_min/transformer/h/1/attn/c_attn":0.15662218630313873,"c_attn_min/transformer/h/5/attn/c_attn":0.17233169078826904,"c_attn_max/transformer/h/5/attn/c_attn":3.2147133350372314,"c_attn_max/transformer/h/3/attn/c_attn":3.5005977153778076,"c_attn_min/transformer/h/3/attn/c_attn":0.1691403090953827,"c_attn_hist/transformer/h/5/attn/c_attn":{"values":[13,14,14,14,10,10,6,5,3,3,2,3,2,2,2,1,2,2,0,2,1,1,2,1,0,1,1,1,1,2,0,1,1,0,0,2,0,1,0,1,1,0,0,0,1,0,0,0,1,0,0,0,0,0,0,0,1,0,0,0,0,0,0,1],"bins":[0.17233169078826904,0.21986889839172363,0.2674061059951782,0.3149433434009552,0.3624805510044098,0.4100177586078644,0.45755499601364136,0.505092203617096,0.5526294112205505,0.6001666188240051,0.6477038264274597,0.6952410340309143,0.7427783012390137,0.7903155088424683,0.8378527164459229,0.8853899240493774,0.932927131652832,0.9804643392562866,1.0280015468597412,1.0755387544631958,1.1230759620666504,1.1706132888793945,1.2181503772735596,1.2656875848770142,1.3132249116897583,1.360762119293213,1.4082993268966675,1.455836534500122,1.5033737421035767,1.5509109497070312,1.5984481573104858,1.6459853649139404,1.693522572517395,1.7410597801208496,1.7885969877243042,1.8361341953277588,1.8836714029312134,1.931208610534668,1.9787458181381226,2.026283025741577,2.073820114135742,2.1213574409484863,2.1688947677612305,2.2164320945739746,2.2639689445495605,2.3115062713623047,2.359043598175049,2.406580924987793,2.454118251800537,2.501655101776123,2.549192428588867,2.5967297554016113,2.6442670822143555,2.6918039321899414,2.7393412590026855,2.7868785858154297,2.834415912628174,2.8819527626037598,2.929490089416504,2.977027416229248,3.024564743041992,3.072101593017578,3.1196389198303223,3.1671762466430664,3.2147133350372314],"_type":"histogram"},"c_attn_hist/transformer/h/1/attn/c_attn":{"values":[14,18,19,17,15,12,5,4,3,2,2,1,1,2,1,1,0,1,1,1,1,0,2,1,0,0,0,1,1,0,1,0,1,0,0,0,1,0,0,0,1,0,0,0,0,0,0,0,0,0,0,0,0,0,0,0,0,0,0,1,0,0,0,1],"bins":[0.15662218630313873,0.2067614197731018,0.2569006681442261,0.30703991651535034,0.3571791350841522,0.4073183536529541,0.45745760202407837,0.5075968503952026,0.5577360987663269,0.6078753471374512,0.6580145359039307,0.7081537842750549,0.7582930326461792,0.8084322810173035,0.858571469783783,0.9087107181549072,0.9588499665260315,1.0089892148971558,1.0591285228729248,1.1092677116394043,1.1594069004058838,1.2095462083816528,1.2596853971481323,1.3098245859146118,1.3599638938903809,1.4101030826568604,1.4602423906326294,1.5103815793991089,1.5605207681655884,1.6106600761413574,1.660799264907837,1.710938572883606,1.7610777616500854,1.811216950416565,1.861356258392334,1.9114954471588135,1.9616347551345825,2.0117740631103516,2.061913251876831,2.1120524406433105,2.16219162940979,2.2123308181762695,2.262470245361328,2.3126094341278076,2.362748622894287,2.4128878116607666,2.463027000427246,2.5131664276123047,2.563305616378784,2.6134448051452637,2.663583993911743,2.7137231826782227,2.7638626098632812,2.8140017986297607,2.8641409873962402,2.9142801761627197,2.964419364929199,3.014558792114258,3.0646979808807373,3.114837169647217,3.1649763584136963,3.215115547180176,3.2652549743652344,3.315394163131714,3.3655333518981934],"_type":"histogram"},"c_attn_cond/transformer/h/0/attn/c_attn":21.635414123535156,"mfu":0.08223433681144308,"_wandb":{"runtime":87},"lr":0.0004924552772419723,"_timestamp":1.7727200313204465e+09,"c_attn_cond/transformer/h/2/attn/c_attn":25.0949764251709,"c_attn_hist/transformer/h/4/attn/c_attn":{"_type":"histogram","values":[12,17,18,14,11,7,5,4,3,4,2,2,1,2,2,1,2,1,1,2,2,0,1,1,1,1,0,1,1,1,0,1,1,1,2,0,1,0,2,0,0,1,0,0,0,1,0,0,0,0,0,0,1,0,0,0,0,0,0,0,0,0,0,1],"bins":[0.1671941727399826,0.22210851311683655,0.2770228385925293,0.33193719387054443,0.3868514895439148,0.44176584482192993,0.49668020009994507,0.5515944957733154,0.6065088510513306,0.6614231467247009,0.7163375020027161,0.7712518572807312,0.8261662125587463,0.8810805082321167,0.9359948635101318,0.9909091591835022,1.0458234548568726,1.1007378101348877,1.1556521654129028,1.2105664014816284,1.2654807567596436,1.3203951120376587,1.3753094673156738,1.430223822593689,1.485138177871704,1.5400524139404297,1.5949667692184448,1.64988112449646,1.704795479774475,1.7597098350524902,1.8146240711212158,1.869538426399231,1.924452781677246,1.9793671369552612,2.0342814922332764,2.089195728302002,2.1441102027893066,2.1990244388580322,2.253938674926758,2.3088531494140625,2.363767385482788,2.4186818599700928,2.4735960960388184,2.528510332107544,2.5834248065948486,2.638339042663574,2.693253517150879,2.7481677532196045,2.803082227706909,2.8579964637756348,2.9129106998443604,2.967825174331665,3.0227394104003906,3.0776538848876953,3.132568120956421,3.1874823570251465,3.242396831512451,3.2973110675811768,3.3522255420684814,3.407139778137207,3.4620540142059326,3.5169684886932373,3.571882724761963,3.6267971992492676,3.681711435317993]},"iter":2750,"c_attn_cond/transformer/h/3/attn/c_attn":20.696413040161133,"train/loss":1.6501119136810303,"val/loss":1.814141035079956,"c_attn_hist/transformer/h/0/attn/c_attn":{"_type":"histogram","values":[14,16,18,12,14,8,6,5,5,2,5,3,2,2,3,4,2,1,1,2,1,1,1,1,0,0,0,1,0,0,0,0,0,0,0,0,0,0,0,0,0,0,0,0,0,0,0,0,0,1,0,0,0,0,0,0,0,0,0,0,0,0,0,1],"bins":[0.16753050684928894,0.22154709696769714,0.27556365728378296,0.32958024740219116,0.38359683752059937,0.43761342763900757,0.4916299879550934,0.5456465482711792,0.5996631383895874,0.6536797285079956,0.7076963186264038,0.761712908744812,0.8157294988632202,0.8697460889816284,0.9237626791000366,0.9777792692184448,1.031795859336853,1.0858124494552612,1.1398290395736694,1.1938456296920776,1.2478622198104858,1.301878809928894,1.3558954000473022,1.4099119901657104,1.463928461074829,1.5179450511932373,1.5719616413116455,1.6259782314300537,1.679994821548462,1.7340114116668701,1.7880280017852783,1.8420445919036865,1.8960611820220947,1.950077772140503,2.004094362258911,2.0581109523773193,2.1121275424957275,2.1661441326141357,2.220160722732544,2.274177312850952,2.3281939029693604,2.3822104930877686,2.4362270832061768,2.490243673324585,2.544260263442993,2.5982768535614014,2.6522934436798096,2.7063100337982178,2.760326385498047,2.814342975616455,2.8683595657348633,2.9223761558532715,2.9763927459716797,3.030409336090088,3.084425926208496,3.1384425163269043,3.1924591064453125,3.2464756965637207,3.300492286682129,3.354508876800537,3.4085254669189453,3.4625420570373535,3.5165586471557617,3.57057523727417,3.624591827392578]},"c_attn_min/transformer/h/2/attn/c_attn":0.15768083930015564,