{"_runtime":38.774621848,"c_attn_max/transformer/h/1/attn/c_attn":2.7516705989837646,"c_attn_hist/transformer/h/2/attn/c_attn":{"_type":"histogram","values":[10,13,14,16,13,11,11,7,4,2,2,1,1,2,1,1,0,1,1,1,1,1,1,0,0,2,0,1,1,1,0,0,1,1,0,1,0,0,1,0,0,0,0,0,1,1,0,0,0,0,0,0,0,0,0,1,0,0,0,0,0,0,0,1],"bins":[0.1704006940126419,0.21373321115970612,0.2570657432079315,0.3003982603549957,0.34373077750205994,0.38706329464912415,0.43039584159851074,0.47372835874557495,0.5170608758926392,0.5603933930397034,0.6037259101867676,0.6470584273338318,0.690390944480896,0.7337234616279602,0.7770559787750244,0.8203884959220886,0.8637210130691528,0.907053530216217,0.9503860473632812,0.9937185645103455,1.0370510816574097,1.0803836584091187,1.123716115951538,1.167048692703247,1.210381269454956,1.2537137269973755,1.2970463037490845,1.340378761291504,1.383711338043213,1.4270437955856323,1.4703763723373413,1.5137088298797607,1.5570414066314697,1.6003739833831787,1.6437064409255981,1.6870390176773071,1.7303714752197266,1.7737040519714355,1.817036509513855,1.860369086265564,1.9037015438079834,1.9470341205596924,1.9903665781021118,2.0336990356445312,2.0770316123962402,2.120364189147949,2.163696527481079,2.207029104232788,2.250361680984497,2.293694257736206,2.337026596069336,2.380359172821045,2.423691749572754,2.467024326324463,2.5103566646575928,2.5536892414093018,2.5970218181610107,2.6403543949127197,2.6836867332458496,2.7270193099975586,2.7703518867492676,2.8136844635009766,2.8570168018341064,2.9003493785858154,2.9436819553375244]},"c_attn_max/transformer/h/2/attn/c_attn":2.9436819553375244,"c_attn_cond/transformer/h/0/attn/c_attn":20.5360107421875,"c_attn_max/transformer/h/3/attn/c_attn":2.4668447971343994,"_timestamp":1.7727196974455442e+09,"train/loss":1.7730295658111572,"c_attn_min/transformer/h/3/attn/c_attn":0.17645381391048431,"c_attn_hist/transformer/h/3/attn/c_attn":{"bins":[0.17645381391048431,0.21224117279052734,0.24802853167057037,0.2838158905506134,0.3196032643318176,0.35539060831069946,0.3911779522895813,0.4269653558731079,0.46275269985198975,0.4985400438308716,0.5343273878097534,0.57011479139328,0.6059021353721619,0.6416894793510437,0.6774768829345703,0.7132642269134521,0.749051570892334,0.7848389148712158,0.8206262588500977,0.8564136624336243,0.8922010064125061,0.9279883503913879,0.9637757539749146,0.9995630979537964,1.0353504419326782,1.07113778591156,1.106925129890442,1.1427124738693237,1.1784999370574951,1.214287281036377,1.2500746250152588,1.2858619689941406,1.3216493129730225,1.3574366569519043,1.3932240009307861,1.429011344909668,1.4647986888885498,1.5005861520767212,1.536373496055603,1.5721608400344849,1.6079481840133667,1.6437355279922485,1.6795228719711304,1.7153102159500122,1.7510976791381836,1.7868850231170654,1.8226723670959473,1.858459711074829,1.894247055053711,1.9300343990325928,1.9658217430114746,2.0016090869903564,2.0373964309692383,2.07318377494812,2.108971118927002,2.144758462905884,2.1805460453033447,2.2163333892822266,2.2521207332611084,2.2879080772399902,2.323695421218872,2.359482765197754,2.3952701091766357,2.4310574531555176,2.4668447971343994],"_type":"histogram","values":[9,11,14,11,11,11,10,9,6,5,3,2,1,2,1,1,1,2,1,0,2,1,0,1,1,1,0,0,1,1,0,1,1,0,0,0,0,1,0,1,0,0,0,0,1,0,0,1,0,0,0,1,0,0,0,0,0,0,0,0,1,0,0,1]},"val/loss":1.8932307958602905,"c_attn_min/transformer/h/2/attn/c_attn":0.1704006940126419,"c_attn_hist/transformer/h/1/attn/c_attn":{"_type":"histogram","values":[9,13,13,15,13,12,10,9,8,2,3,1,0,1,1,1,1,1,1,1,0,1,1,1,0,1,1,1,1,0,1,0,0,0,1,0,0,1,0,0,0,0,0,0,0,0,1,0,0,0,0,0,0,0,0,0,0,0,0,0,1,0,0,1],"bins":[0.16603799164295197,0.20643849670886993,0.2468390166759491,0.28723952174186707,0.32764002680778503,0.368040531873703,0.40844106674194336,0.44884157180786133,0.4892420768737793,0.5296425819396973,0.5700430870056152,0.6104435920715332,0.6508440971374512,0.6912446022033691,0.7316451072692871,0.7720456123352051,0.812446117401123,0.852846622467041,0.893247127532959,0.933647632598877,0.9740481376647949,1.014448642730713,1.0548491477966309,1.0952496528625488,1.1356502771377563,1.1760507822036743,1.2164512872695923,1.2568517923355103,1.2972522974014282,1.3376528024673462,1.3780533075332642,1.4184538125991821,1.4588543176651,1.499254822731018,1.539655327796936,1.580055832862854,1.620456337928772,1.66085684299469,1.701257348060608,1.7416578531265259,1.7820583581924438,1.8224588632583618,1.8628593683242798,1.9032598733901978,1.9436603784561157,1.9840608835220337,2.024461269378662,2.06486177444458,2.105262517929077,2.145663022994995,2.186063528060913,2.226464033126831,2.266864538192749,2.307265043258667,2.347665548324585,2.388066053390503,2.428466558456421,2.468867063522339,2.509267568588257,2.549668073654175,2.5900685787200928,2.6304690837860107,2.6708695888519287,2.7112700939178467,2.7516705989837646]},"c_attn_min/transformer/h/1/attn/c_attn":0.16603799164295197,"lr":0.0001,"c_attn_cond/transformer/h/3/attn/c_attn":13.98011589050293,"c_attn_max/transformer/h/0/attn/c_attn":3.5447568893432617,"iter":2000,"mfu":0.06677681024750137,"c_attn_cond/transformer/h/1/attn/c_attn":16.57253646850586,"c_attn_cond/transformer/h/2/attn/c_attn":17.27505874633789,"c_attn_min/transformer/h/0/attn/c_attn":0.1726117581129074,"c_attn_hist/transformer/h/0/attn/c_attn":{"bins":[0.1726117581129074,0.22530153393745422,0.27799129486083984,0.33068108558654785,0.3833708167076111,0.4360606074333191,0.4887503981590271,0.5414401292800903,0.5941299200057983,0.6468196511268616,0.6995094418525696,0.7521992325782776,0.8048890233039856,0.8575787544250488,0.9102685451507568,0.9629582762718201,1.0156480073928833,1.0683377981185913,1.1210275888442993,1.1737172603607178,1.2264070510864258,1.2790968418121338,1.3317866325378418,1.3844764232635498,1.4371662139892578,1.4898558855056763,1.5425456762313843,1.5952354669570923,1.6479252576828003,1.7006150484085083,1.7533047199249268,1.8059945106506348,1.8586843013763428,1.9113740921020508,1.9640638828277588,2.016753673553467,2.069443464279175,2.122133255004883,2.1748228073120117,2.2275125980377197,2.2802023887634277,2.3328921794891357,2.3855819702148438,2.4382717609405518,2.4909615516662598,2.5436513423919678,2.596341133117676,2.649030923843384,2.701720714569092,2.7544102668762207,2.8071000576019287,2.8597898483276367,2.9124796390533447,2.9651694297790527,3.0178592205047607,3.0705490112304688,3.1232388019561768,3.1759285926818848,3.2286183834075928,3.2813079357147217,3.3339977264404297,3.3866875171661377,3.4393773078918457,3.4920670986175537,3.5447568893432617],"_type":"histogram","values":[10,15,14,14,15,9,6,8,5,4,4,4,3,3,3,1,1,1,1,2,1,0,1,0,1,0,0,0,0,0,0,0,0,0,0,0,0,0,0,0,0,0,0,0,0,0,0,0,0,0,0,0,0,0,1,0,0,0,0,0,0,0,0,1]},"_wandb":{"runtime":38},"_step":2000}