{"c_attn_max/transformer/h/2/attn/c_attn":3.9511101245880127,"c_attn_max/transformer/h/5/attn/c_attn":3.2104856967926025,"c_attn_max/transformer/h/0/attn/c_attn":3.6212992668151855,"c_attn_cond/transformer/h/1/attn/c_attn":21.40943145751953,"_wandb":{"runtime":86},"c_attn_min/transformer/h/3/attn/c_attn":0.1691741645336151,"c_attn_cond/transformer/h/4/attn/c_attn":22.228805541992188,"c_attn_cond/transformer/h/5/attn/c_attn":18.644485473632812,"c_attn_cond/transformer/h/0/attn/c_attn":21.595516204833984,"c_attn_max/transformer/h/1/attn/c_attn":3.3502190113067627,"c_attn_cond/transformer/h/2/attn/c_attn":24.946075439453125,"c_attn_min/transformer/h/2/attn/c_attn":0.15838603675365448,"c_attn_min/transformer/h/5/attn/c_attn":0.17219491302967072,"c_attn_min/transformer/h/4/attn/c_attn":0.1654781848192215,"c_attn_min/transformer/h/0/attn/c_attn":0.1676875501871109,"c_attn_max/transformer/h/3/attn/c_attn":3.4845333099365234,"_step":2760,"c_attn_hist/transformer/h/3/attn/c_attn":{"_type":"histogram","values":[13,18,15,15,11,9,6,5,2,3,2,2,1,2,2,1,1,2,0,1,2,0,2,0,1,0,0,1,0,1,1,1,0,1,0,1,1,1,1,0,1,1,0,0,1,1,0,0,0,0,0,0,0,2,0,0,0,0,0,0,0,0,0,1],"bins":[0.1691741645336151,0.22097665071487427,0.2727791368961334,0.3245816230773926,0.37638410925865173,0.4281865954399109,0.47998908162117004,0.5317915678024292,0.5835940837860107,0.6353965401649475,0.6871989965438843,0.7390015125274658,0.7908040285110474,0.8426065444946289,0.8944089412689209,0.9462114572525024,0.998013973236084,1.0498164892196655,1.1016188859939575,1.153421401977539,1.2052239179611206,1.2570264339447021,1.3088288307189941,1.3606313467025757,1.4124338626861572,1.4642363786697388,1.5160388946533203,1.5678412914276123,1.6196438074111938,1.6714463233947754,1.7232487201690674,1.775051236152649,1.8268537521362305,1.878656268119812,1.9304587841033936,1.9822611808776855,2.0340635776519775,2.0858662128448486,2.1376686096191406,2.1894712448120117,2.2412736415863037,2.2930760383605957,2.344878673553467,2.396681070327759,2.448483467102051,2.500286102294922,2.552088499069214,2.603891134262085,2.655693531036377,2.707495927810669,2.75929856300354,2.811100959777832,2.862903594970703,2.914705991744995,2.966508388519287,3.018311023712158,3.07011342048645,3.121915817260742,3.1737184524536133,3.2255208492279053,3.2773232460021973,3.3291258811950684,3.3809282779693604,3.4327309131622314,3.4845333099365234]},"c_attn_min/transformer/h/1/attn/c_attn":0.15648332238197327,"c_attn_max/transformer/h/4/attn/c_attn":3.678382396697998,"c_attn_hist/transformer/h/0/attn/c_attn":{"values":[14,16,17,13,13,9,6,5,5,2,5,3,2,2,3,3,2,2,1,2,1,1,1,1,0,0,0,1,0,0,0,0,0,0,0,0,0,0,0,0,0,0,0,0,0,0,0,0,0,1,0,0,0,0,0,0,0,0,0,0,0,0,0,1],"bins":[0.1676875501871109,0.22165022790431976,0.2756129205226898,0.3295755982398987,0.38353827595710754,0.4375009536743164,0.49146366119384766,0.5454263091087341,0.5993890166282654,0.6533516645431519,0.7073143720626831,0.7612770199775696,0.8152397274971008,0.8692023754119873,0.9231650829315186,0.977127730846405,1.031090497970581,1.0850532054901123,1.139015793800354,1.1929785013198853,1.2469412088394165,1.3009037971496582,1.3548665046691895,1.4088292121887207,1.462791919708252,1.5167546272277832,1.570717215538025,1.6246799230575562,1.6786426305770874,1.7326053380966187,1.7865679264068604,1.8405306339263916,1.8944933414459229,1.948456048965454,2.0024187564849854,2.0563814640045166,2.110344171524048,2.164306879043579,2.2182695865631104,2.2722322940826416,2.326195001602173,2.380157709121704,2.4341201782226562,2.4880828857421875,2.5420455932617188,2.59600830078125,2.6499710083007812,2.7039337158203125,2.7578964233398438,2.811859130859375,2.8658218383789062,2.9197843074798584,2.9737470149993896,3.027709722518921,3.081672430038452,3.1356351375579834,3.1895978450775146,3.243560552597046,3.297523260116577,3.3514859676361084,3.4054484367370605,3.459411144256592,3.513373851776123,3.5673365592956543,3.6212992668151855],"_type":"histogram"},"c_attn_hist/transformer/h/5/attn/c_attn":{"bins":[0.17219491302967072,0.2196682095527649,0.2671414911746979,0.31461477279663086,0.36208808422088623,0.4095613956451416,0.4570346474647522,0.5045079588890076,0.5519812703132629,0.5994545221328735,0.6469278335571289,0.6944011449813843,0.7418743968009949,0.7893477082252502,0.8368210196495056,0.8842942714691162,0.9317675828933716,0.979240894317627,1.0267142057418823,1.0741875171661377,1.121660828590393,1.1691340208053589,1.2166074514389038,1.2640806436538696,1.311553955078125,1.3590272665023804,1.4065005779266357,1.4539738893508911,1.5014472007751465,1.5489203929901123,1.5963937044143677,1.643867015838623,1.6913403272628784,1.7388136386871338,1.7862869501113892,1.8337602615356445,1.8812334537506104,1.9287067651748657,1.976180076599121,2.023653268814087,2.071126699447632,2.1185998916625977,2.1660730838775635,2.2135465145111084,2.2610199451446533,2.308493137359619,2.355966329574585,2.40343976020813,2.4509129524230957,2.4983863830566406,2.5458595752716064,2.5933330059051514,2.640806198120117,2.688279390335083,2.735752820968628,2.7832260131835938,2.8306994438171387,2.8781726360321045,2.9256458282470703,2.9731192588806152,3.020592451095581,3.068065881729126,3.115539073944092,3.1630125045776367,3.2104856967926025],"_type":"histogram","values":[12,15,14,14,11,9,6,5,3,3,3,2,3,1,2,2,0,3,1,1,1,1,2,1,0,1,1,1,2,0,1,1,0,1,0,2,0,1,0,1,1,0,0,0,1,0,0,0,1,0,0,0,0,0,0,0,1,0,0,0,0,0,0,1]},"_timestamp":1.7727201235783565e+09,"c_attn_hist/transformer/h/4/attn/c_attn":{"values":[11,18,17,15,11,7,5,4,4,3,2,2,2,1,2,1,2,1,1,2,2,0,1,1,1,1,0,1,1,1,1,0,1,1,2,0,1,1,0,1,1,0,0,0,0,1,0,0,0,0,0,0,0,1,0,0,0,0,0,0,0,0,0,1],"bins":[0.1654781848192215,0.22036731243133545,0.2752564549446106,0.33014556765556335,0.3850346803665161,0.43992382287979126,0.4948129653930664,0.5497020483016968,0.6045911908149719,0.6594803333282471,0.7143694758415222,0.7692585587501526,0.8241477012634277,0.8790368437767029,0.9339259266853333,0.9888150691986084,1.0437042713165283,1.0985933542251587,1.1534825563430786,1.208371639251709,1.263260841369629,1.3181499242782593,1.3730390071868896,1.4279282093048096,1.48281729221344,1.5377063751220703,1.5925955772399902,1.6474846601486206,1.702373743057251,1.757262945175171,1.8121520280838013,1.8670412302017212,1.9219303131103516,1.976819396018982,2.0317084789276123,2.0865976810455322,2.141486883163452,2.196375846862793,2.251265048980713,2.306154251098633,2.3610434532165527,2.4159324169158936,2.4708216190338135,2.5257108211517334,2.580599784851074,2.635488986968994,2.690378189086914,2.745267152786255,2.800156354904175,2.8550455570220947,2.9099345207214355,2.9648237228393555,3.0197129249572754,3.074601888656616,3.129491090774536,3.184380292892456,3.239269256591797,3.294158458709717,3.3490476608276367,3.4039368629455566,3.4588258266448975,3.5137150287628174,3.5686042308807373,3.623493194580078,3.678382396697998],"_type":"histogram"},