n_head,head_size,perplexity
1,128,1.005461298628106
2,64,1.0054024352322934
3,42,1.0053880334192735
4,32,1.005321936068717
5,25,1.0053604165671806
6,21,1.0053345437064602
7,18,1.0053204010431207
8,16,1.0054058743432968
