,n_head,perplexity
0,1,1.0055815062011715
1,2,1.0055166615825841
2,3,1.0052801436679126
3,4,1.005408678581816
4,5,1.0053818169075706
5,6,1.0052663869604306
6,7,1.0053244058794863
7,8,1.0053553935662218
